-2.405160985,-0.263370371,1
-1.23054027,-0.006192324,1
0.107828595,0.793587234,1
0.014771806,0.295860353,1
-1.68334369,0.876175631,1
-1.354034203,0.974822452,1
0.655041032,1.284039047,1
0.87905905,0.538732007,1
-1.575110527,1.65680488,1
2.074607269,-0.037776874,1
0.227865857,0.749874524,1
-1.391349676,0.572400131,1
0.00574904,0.515223846,1
-0.803949152,-1.100278238,1
0.865518402,0.237000604,1
-0.828702812,0.292940318,1
0.886645657,-0.79193121,1
1.233355595,-0.422860613,1
-0.449082362,1.945444721,1
2.219576605,-0.091715629,1
-0.518147236,0.316557447,1
-0.950437372,-0.413107957,1
0.606270286,0.608367062,1
-0.653011416,-0.13639576,1
-0.175215819,-2.660202899,1
1.496415256,-0.542374783,1
-0.949998654,-1.561771006,1
-1.474419151,1.46109869,1
-0.473030506,0.280491435,1
-0.056229904,-0.876916412,1
-1.799021376,0.452114581,1
-1.292981902,-0.492348127,1
-1.708978141,1.573823761,1
0.68003089,-2.298433505,1
0.792204542,2.613993158,1
0.457641882,-0.590693604,1
0.448007762,0.262231581,1
0.791259586,-1.028278519,1
1.579046977,-1.597336518,1
0.501043553,0.429473427,1
-0.742485027,1.755794266,1
0.58581863,1.09570336,1
1.064592664,2.16562597,1
-1.02826201,-0.102970797,1
0.248015473,-0.425106246,1
0.183379089,-0.719226645,1
-1.857246379,-0.277993677,1
-0.049095245,-2.193617868,1
-0.782887437,1.340221337,1
0.389660167,-0.460942762,1
0.194861424,-0.582339586,1
-1.51210686,0.386945409,1
-1.72171884,-0.454397073,1
0.692591631,-0.014359206,1
0.201201269,-0.203381323,1
0.306281161,2.571839511,1
-1.450152359,-0.324509325,1
-0.236755594,-1.91419144,1
1.713202111,0.084649183,1
-1.149225091,-2.332767847,1
-0.811383995,1.068658276,1
-0.102501411,0.424602872,1
1.541864403,0.710386709,1
-1.110530972,-1.678393769,1
-0.015925284,-0.036091367,1
-0.514191263,-0.367997723,1
0.387349277,2.192425573,1
0.197381317,-2.060304399,1
-0.893533092,-0.526396639,1
-0.002763373,0.378419832,1
1.542790825,-0.258619901,1
0.543515254,-1.205567892,1
0.040874887,-1.403345826,1
-0.783217858,-0.049106208,1
1.297793444,-1.685238171,1
-1.282084932,-1.402323276,1
-0.231862821,-0.318053932,1
-2.107862128,-0.27148757,1
-2.960090376,-0.676179714,1
0.265695631,0.370367511,1
-0.324519503,-0.771609964,1
0.417555724,-0.427037862,1
-0.653098564,0.233159546,1
0.734228826,0.274524682,1
1.111963165,-1.0612869,1
-0.275434912,0.758824855,1
0.988726669,0.391113002,1
0.477839575,-2.062338875,1
0.723393745,1.971353781,1
-0.485771065,0.538184395,1
-0.063717774,-0.595990275,1
-1.557391842,1.019682978,1
0.68681357,-0.35723456,1
0.926759311,-0.217849697,1
1.164515119,1.881660629,1
-0.205208869,-0.685653015,1
-1.219319555,-0.270857398,1
-0.253595416,-1.112833472,1
-1.394494909,-0.986606856,1
-0.148615829,0.460906294,1
-1.687266723,-0.076258697,1
-0.331912668,-0.441660279,1
0.120695868,-2.006640694,1
-0.982325431,0.566814743,1
-1.059435151,-0.747377592,1
0.047138624,-0.2957674,1
0.523031662,-0.810862068,1
0.384556835,-1.004662178,1
-1.851607453,0.923622591,1
1.36183273,-0.349795977,1
1.050474579,1.956167724,1
1.299526081,-0.002217284,1
-0.413082331,-0.629948434,1
-0.006226723,-1.40223187,1
-0.67306663,-0.02170312,1
-0.445389963,-1.198361339,1
1.011130073,-1.171537806,1
-1.177869675,0.642184402,1
1.633963145,1.156527711,1
-1.58767424,-0.725368616,1
0.121317639,0.948682491,1
-0.632769544,0.894155026,1
0.519529445,-0.721397665,1
1.296046921,0.102765625,1
-1.455058065,0.337525343,1
1.299467463,-0.493361098,1
0.556076515,-0.445588895,1
-0.321277323,-1.538066586,1
-0.910630304,1.599656722,1
1.416112115,0.35830118,1
1.082967091,-0.851454911,1
-0.628105055,-0.161490073,1
0.318203063,-0.789322117,1
-0.912224185,-0.979885266,1
1.401424976,2.325857736,1
1.108259589,0.628379778,1
0.126190507,-0.859115675,1
-0.606837078,1.008479984,1
1.215937736,-0.296877683,1
-0.277483271,-2.029253903,1
-0.996498748,1.893945556,1
-1.164028336,-0.898152605,1
-0.903625674,1.84712976,1
1.055437354,0.381088497,1
0.747409789,-1.013815231,1
-1.917515285,-0.741251245,1
0.27819278,-0.943231961,1
0.155302515,-0.778436626,1
-0.550621645,-0.647131439,1
0.339037429,-0.992569937,1
-0.006277652,-0.328044677,1
0.07319333,1.439640922,1
-0.476171263,0.786860737,1
-0.826559474,0.133493547,1
-1.271618891,0.344043306,1
-0.309867145,-1.621309211,1
-0.66044027,0.016184056,1
-1.588387725,-0.263916933,1
1.020474128,0.159064116,1
0.049815727,-0.790743508,1
-0.236673143,-0.359689655,1
-1.721589553,-1.365509575,1
-0.267961014,0.305517904,1
0.592158085,-0.222412377,1
0.506078332,1.034100078,1
0.562841706,-0.459348601,1
0.259804001,-1.016752798,1
1.303349027,-0.807853067,1
-0.501033994,-0.939132899,1
1.523712972,-0.197035174,1
-0.078334797,0.770100172,1
1.433057414,-2.136040103,1
-0.258167559,-1.684796838,1
0.291346164,0.358810618,1
0.068892547,0.51793786,1
-0.141394316,-1.078261873,1
0.322811485,2.535217885,1
-1.014029325,-0.127525513,1
-0.034758492,0.434412012,1
-0.832651444,-1.091811016,1
2.293410195,-0.293547745,1
0.914357118,-0.466062661,1
-1.312442921,-1.352620544,1
0.466683452,0.621433438,1
0.926567865,-0.940663042,1
1.454419165,1.365603706,1
-0.380373616,-0.795266502,1
-1.250857076,0.516428501,1
0.611833457,0.589778684,1
0.333342153,-0.453322339,1
-0.562727318,0.583050937,1
0.025187094,0.767931913,1
1.634308198,-0.307886173,1
0.514738971,0.714510584,1
1.850545642,-0.644309321,1
0.505930413,-1.857824591,1
1.431238594,2.286142297,1
0.714335641,0.167776639,1
1.84420451,-2.44968426,1
-1.97454072,0.445447965,1
1.096941461,0.766825515,1
0.040741955,-0.73746515,1
-0.309853525,0.263721938,1
2.013439993,0.167620881,1
0.061118297,-0.085920641,1
-0.211469909,0.947117849,1
0.158137873,-1.016352158,1
-0.733053187,0.207316759,1
-1.679148315,-1.409912231,1
-0.731698284,-1.344161226,1
0.374673819,0.119494229,1
-0.570349602,-0.36042902,1
-0.013682619,0.112538461,1
0.743946616,-0.281549256,1
-1.407840018,0.326556064,1
0.429392207,-0.055413828,1
-0.869441401,0.650495412,1
-2.246028262,0.052078951,1
-0.836472084,0.377268118,1
0.566949612,-1.659152178,1
1.624636833,-0.341934688,1
1.389681876,0.189272027,1
-0.060096446,-0.536043966,1
0.896459532,0.953408209,1
-0.864425288,0.444649401,1
-0.829631346,0.332107682,1
1.718011525,1.188522354,1
-1.321768632,-0.819705545,1
0.481908123,0.656641876,1
0.483904747,0.010383601,1
-1.036359184,0.888116113,1
-0.411438837,-0.718530395,1
-0.454983247,-0.074941786,1
1.481750912,-0.03807236,1
0.759304397,-0.321576123,1
0.6383559,0.106258193,1
0.562771457,0.470544991,1
1.841623736,0.147815548,1
-0.613454879,0.831374786,1
-0.305501851,-1.446531444,1
-0.048527126,-0.763329221,1
0.207566069,0.009364013,1
1.232187684,1.063565546,1
-0.771148579,-1.440707306,1
-1.404976366,0.059049064,1
1.24149743,0.862054481,1
0.7642221,-1.58783051,1
-0.839682303,-0.298480095,1
-0.040364086,0.036343239,1
-0.398988446,0.671448116,1
-0.329268032,0.361656111,1
0.107129368,2.225112492,1
0.728545982,0.459533022,1
-2.030075442,-0.7500252,1
0.294194378,0.873026826,1
-2.641174471,-0.649815354,1
1.539472242,-0.422278551,1
-0.64412142,-1.645805913,1
1.092037423,1.325953092,1
-1.034191257,-0.164980464,1
-2.630313942,-0.514533397,1
-0.574798511,1.28160426,1
-2.093623383,-0.487440621,1
-0.740173454,-0.59980767,1
1.827002278,0.350159172,1
-1.431361701,0.602858976,1
-0.312609672,0.088974802,1
-0.855616063,0.052477746,1
1.461872243,-1.10269157,1
0.168103611,0.825445717,1
1.149945357,1.929880478,1
-1.134504712,0.218485919,1
-0.928795769,-1.508899962,1
-2.069917402,-0.905277179,1
0.829075457,-0.959696942,1
0.305877303,-0.326400056,1
-1.294240801,-3.260525988,1
-1.358614216,0.319048279,1
-0.201320612,-0.557112387,1
0.813411154,-0.549455979,1
-1.301795126,-0.886897767,1
-1.01386281,-0.543373596,1
-0.995715442,-2.297600376,1
0.112828614,0.874087544,1
0.490976224,1.012543076,1
-0.04576668,-2.245421772,1
-0.247886483,-1.614692084,1
-0.896419038,-0.610208211,1
-0.299584649,-0.951797743,1
-0.117882039,-0.578947722,1
1.462805772,0.620801678,1
-1.057537643,0.039713587,1
-0.831282183,-0.384083742,1
0.859672403,-0.175519595,1
-0.488217183,0.423224989,1
-0.910523923,-1.545550261,1
0.548365368,-1.442170147,1
-0.392578228,-0.737199887,1
1.461383711,0.032079894,1
-0.03570028,0.687044541,1
1.07494034,4.471597632,2
-0.449895349,4.265546532,2
-1.269367327,5.607184446,2
0.225822554,3.325604878,2
-2.685459087,6.24840742,2
-0.008883438,6.904867648,2
-2.24832691,3.723617773,2
-1.481285179,7.096595135,2
-0.494275813,5.790918946,2
0.349699862,5.375755052,2
0.812161798,6.674694529,2
-0.486191092,6.887019626,2
1.229632062,7.648344231,2
0.022540704,6.940141955,2
-1.607528674,5.889162348,2
1.250077264,5.491622115,2
0.371058013,5.568446825,2
-0.136460667,6.652045721,2
0.109743729,5.502370106,2
0.267515426,5.642279364,2
-1.508452123,5.950204879,2
-0.953772753,7.562700439,2
0.888875681,6.61757293,2
0.166053198,5.884688739,2
-0.317949633,8.534482477,2
0.305039242,5.879703066,2
-0.904037206,5.599139846,2
-1.143860982,9.849839606,2
1.046462276,6.817263508,2
-1.000558505,8.411554656,2
0.42185183,0.976765874,2
-0.566263337,5.002245794,2
-0.967676275,6.742305798,2
0.551630252,4.529126414,2
0.176429626,5.783296964,2
0.56677378,9.059678427,2
-1.185043119,6.58821857,2
-0.058564566,1.386050151,2
2.929921631,9.045879148,2
0.175097578,9.629420595,2
1.227465021,4.276743172,2
1.369059445,7.071004555,2
-0.084984635,8.018726071,2
-0.325662067,5.077772098,2
0.145490093,4.352019937,2
0.686062238,6.36187015,2
0.838177899,6.406607204,2
1.482237413,5.099295302,2
-1.277951594,7.701115312,2
-1.264297059,9.19818649,2
0.68236713,6.714385163,2
1.033404999,4.889609366,2
0.293112594,3.320206335,2
-1.649976661,8.256589437,2
1.599394097,6.418557196,2
0.525877741,6.23672316,2
1.546709339,6.915419502,2
0.028166155,5.197608408,2
0.717041029,5.214128087,2
-0.905462885,6.974795133,2
-1.101205624,6.002384712,2
1.378018517,6.396467997,2
0.574975394,4.371534286,2
-0.094228499,8.737002622,2
1.520122455,8.266623566,2
-0.896028139,9.358813467,2
0.058823899,5.379574318,2
-0.273069892,5.903730799,2
-0.996972576,7.50069449,2
-2.151897339,3.763712933,2
-0.864517475,4.500656309,2
-0.084621416,8.517202605,2
-0.764798763,7.113533084,2
0.520238433,2.920249301,2
-0.064565453,12.174129,2
-0.429570368,4.795146135,2
0.715098114,5.878634285,2
-0.703128982,8.215190821,2
-0.358584433,7.219002975,2
-0.204688811,7.685771207,2
-0.871140803,6.096574475,2
2.2231913,5.70108949,2
1.401561065,5.614453984,2
0.770906188,5.186307485,2
-1.158139411,5.541235442,2
0.651414364,6.265839896,2
0.824805312,4.462049546,2
0.433213483,8.285611259,2
-0.727437509,5.165369438,2
-0.056788028,7.432169964,2
-0.99825328,1.567262719,2
0.831919814,10.19284467,2
-0.445699017,6.205355707,2
1.709973948,3.905061366,2
1.333262411,5.817186303,2
-0.19911849,6.578457618,2
0.471540941,6.423536647,2
1.119532978,8.685716836,2
-0.580506675,6.134480498,2
-0.964368395,8.152167547,2
1.183770293,6.015197245,2
0.315353881,4.355204729,2
-1.694770659,6.806406291,2
-0.975606002,6.695175269,2
-0.382425374,6.664860768,2
-0.934854628,4.75481762,2
0.299433682,2.98507554,2
-2.662707875,6.365475555,2
-0.502874214,4.615416352,2
-0.884239356,4.343719493,2
0.148836783,9.444669793,2
0.885403003,5.11925091,2
-1.227698781,5.150812852,2
-0.091808871,4.687835484,2
-1.281238306,5.649873879,2
-0.577223535,3.634567898,2
-2.246752386,6.984806026,2
0.602720187,7.558422862,2
1.350263145,7.689997478,2
-0.707381339,9.01225801,2
-0.51728067,6.504304439,2
1.053172302,3.271360801,2
-1.311195922,3.647643449,2
-0.114529349,6.631198061,2
-0.937624085,9.647395008,2
0.033639967,3.61841768,2
-2.251050263,4.1605919,2
0.974084655,4.397352824,2
-0.252091629,3.979235781,2
0.113167692,8.176196024,2
0.970362293,5.915327862,2
0.254062483,3.164393182,2
1.11105656,4.978615711,2
-0.738704675,5.062731495,2
0.127229616,6.587164671,2
-0.537979294,6.467410815,2
1.05382535,6.080317615,2
-0.55075547,6.495192332,2
1.056724652,4.964798527,2
0.43077568,7.467364704,2
-0.091004267,4.204934722,2
1.759815158,5.325819239,2
0.441660757,4.146534096,2
0.050336412,6.311429797,2
-1.391133258,7.942521135,2
0.746588178,3.801749884,2
0.057726399,4.3915196,2
-1.212612861,9.3771019,2
0.124060469,4.275276989,2
0.326742482,6.249275331,2
-1.877511701,8.730582748,2
0.121083561,5.767229734,2
1.134484435,3.591631373,2
1.346316212,4.509933805,2
-0.227782245,6.074521297,2
1.699006402,6.953463613,2
-0.724410703,3.899830708,2
1.159620414,8.249547932,2
0.125107284,4.364159252,2
0.264616037,7.174141632,2
-0.302652226,8.57650426,2
1.326697472,3.156928557,2
2.262540682,9.457154058,2
-0.61341689,5.495133786,2
0.964496398,3.711374395,2
1.7985142,7.371011676,2
2.295900427,5.799102541,2
-0.686271973,7.051904896,2
0.467327283,4.912879837,2
0.348640531,5.792114089,2
0.839203887,10.55447814,2
-1.111564463,6.673793935,2
2.375210902,6.910551461,2
-1.459492392,5.15881606,2
-0.456960032,8.909745385,2
-0.695826941,3.281643536,2
-0.547768619,5.054137052,2
0.926651573,6.860717993,2
-0.171262947,2.960271487,2
-1.066237905,5.464235652,2
-0.7370143,6.14091531,2
0.179704194,7.860094013,2
-0.168200994,9.784392316,2
-0.602463051,7.811287963,2
0.194550698,4.842128279,2
-1.179747025,8.513843513,2
0.58306552,6.646346943,2
0.451573212,6.756213717,2
-0.63352054,3.633548824,2
0.144032287,4.339424472,2
0.224135179,6.34276716,2
-0.253739759,4.051357014,2
-2.102853143,6.057746614,2
-0.259186619,5.619904212,2
-1.355339943,5.520719607,2
0.273022484,1.018970735,2
-1.16020877,5.152788704,2
-0.135509685,6.859047268,2
-0.654820498,11.26553584,2
0.111767541,9.832075757,2
-1.496713952,5.751699914,2
-0.24540024,6.008508797,2
0.623637128,7.664581704,2
0.054703917,4.510820013,2
0.169485726,6.6140304,2
-2.045951946,8.829419017,2
-0.203102371,4.081364262,2
0.394379552,5.071115035,2
-1.56351607,5.257966274,2
-0.108783,6.102649628,2
-0.965110904,7.105714609,2
0.324210701,3.257340973,2
-1.357531594,6.155492146,2
-0.954808557,6.581168199,2
-1.966241098,5.331034919,2
1.994809751,3.906825928,2
-0.245511814,8.017103543,2
1.986291266,7.413256206,2
0.356166863,3.939705632,2
-1.917139634,1.539543112,2
1.002845739,7.902266294,2
1.881619815,8.675932985,2
-0.048990444,6.385826641,2
-0.613567941,6.058610199,2
-1.257796252,8.210536115,2
0.708153765,2.309067167,2
0.071991791,4.675977628,2
-0.128786779,8.065302039,2
0.463085346,6.136682585,2
0.704286045,3.438027261,2
-1.479323604,2.524782075,2
-0.437615101,5.327579205,2
0.233338233,5.076022392,2
-0.149550057,8.798040172,2
0.882521496,10.55337301,2
0.671089808,4.447505321,2
-0.389200423,4.722880767,2
0.356510795,8.824848784,2
0.027127509,4.83906964,2
0.991934042,7.852027912,2
-0.657941893,7.835066775,2
-0.455224357,3.277555353,2
1.951086558,5.555495315,2
-0.719785528,6.595408391,2
0.765791412,3.451309406,2
-0.773125693,6.2583262,2
-0.441855019,5.872366888,2
-0.213885315,5.746327538,2
0.689273318,3.256581804,2
-0.838163049,4.703249347,2
-0.621228816,7.29452826,2
-0.59306066,7.53676974,2
-1.196831131,9.639450166,2
-1.393405073,2.664818228,2
1.45808095,1.95609826,2
-1.251073494,10.73846969,2
-0.252961961,3.784029004,2
-1.147338446,6.940603679,2
-1.089453786,9.601086977,2
-0.944480505,9.232236091,2
-0.755440901,7.858068462,2
-0.613499714,5.134737667,2
0.649861923,6.060009995,2
0.510494021,4.304841893,2
-0.733137376,5.010409704,2
-1.858061027,2.573065791,2
0.154943105,4.560900505,2
-1.646438703,8.6234124,2
-0.420983998,4.376245502,2
-0.639615078,4.504124379,2
0.814853291,5.694186936,2
-0.557725997,5.931177007,2
0.823696549,6.120401137,2
-0.701760978,6.394327249,2
-2.339728322,4.924974009,2
-1.057962313,2.293816737,2
-0.750451682,3.578238532,2
-0.272096854,4.87938783,2
1.089223849,6.520683001,2
-0.133527933,6.9093717,2
-0.143112352,4.552307789,2
0.130471396,3.17728868,2
-0.666627448,5.228293219,2
0.489549293,4.740990732,2
-1.124208597,5.540482802,2
0.363240577,3.984007286,2
-2.4056241,5.824331206,2
0.017504857,6.580748043,2
-0.929806202,7.828758683,2
0.101050059,4.91165952,2
0.05817067,7.751645955,2
1.15009117,5.940555568,2
-2.236629272,9.923390735,2
1.251563197,5.90361448,2
1.142924829,11.08790166,2
0.585635167,5.740194913,2
0.575965147,3.537709694,2
0.547856943,3.601292765,2
-0.676624838,5.132246306,2
-0.14395589,4.669790021,2
-0.973773405,13.52057074,3
-1.863945798,11.03259714,3
1.027395989,10.96151067,3
-0.156148635,11.10542773,3
2.71715798,11.84158044,3
2.177340269,11.2838358,3
-0.610814526,10.69081612,3
1.070617539,13.06023163,3
2.686590231,10.72958827,3
-0.597080506,13.0917576,3
1.000499333,13.08583561,3
1.280504301,11.2486874,3
2.675015847,12.49297911,3
-0.082114375,11.44796133,3
4.525151897,12.30300408,3
1.624991572,12.42931176,3
2.174784747,12.21405762,3
-0.155054596,11.79735602,3
3.55500094,11.38250651,3
3.213113366,13.54441199,3
3.122933917,12.5290345,3
1.016263142,11.65916027,3
4.393590641,11.81955583,3
-2.405986277,12.78638699,3
0.037879005,12.27524817,3
0.58284395,11.3830274,3
1.792516267,12.59901412,3
0.493782701,10.77051319,3
1.105840412,11.71353019,3
-2.25908458,13.17665164,3
-0.437995086,14.03512408,3
-0.919508872,12.20007447,3
-0.948632093,13.64010636,3
0.800798671,10.28360595,3
0.636103484,8.946797434,3
-0.609350832,11.65849115,3
1.304484726,14.92721241,3
-0.888312706,11.5020057,3
-0.555597721,12.27193453,3
-1.40484122,11.67576813,3
0.249481159,11.99766054,3
0.118364291,13.39133837,3
-2.919730641,10.16450126,3
-1.777388066,12.6598998,3
0.072944805,13.82560992,3
0.441351443,10.53001382,3
-1.868766129,11.55469411,3
2.188074193,11.28622531,3
0.65573439,10.49117933,3
2.307519852,11.32172657,3
1.616435164,13.53291209,3
-3.054068038,11.60797887,3
0.604852812,12.14458258,3
4.076196136,12.75183168,3
-0.313699691,11.58886653,3
0.6999627,11.25881279,3
2.03126135,11.19347618,3
1.720328314,12.23969854,3
2.710693939,10.44402467,3
-2.115470182,13.30525832,3
0.741282687,11.35440058,3
0.608808988,13.14507105,3
0.733068434,11.1208694,3
1.00415863,13.06664829,3
-2.916646238,12.49610412,3
2.439384118,13.85723412,3
-2.680338855,11.14535506,3
-2.265461178,13.22351147,3
-3.519212614,15.20111581,3
-0.582194371,10.14260819,3
-2.347621997,11.75300672,3
0.114198249,11.48194485,3
-3.509582042,12.17259521,3
-1.252506658,10.13845414,3
-2.564153069,12.32112967,3
2.378578352,12.98699151,3
1.006570947,12.50308063,3
3.506224408,11.02383174,3
0.25636607,13.93326778,3
-1.671244416,11.98533562,3
-3.586077554,13.21053115,3
0.750004421,12.74611424,3
-0.774560272,11.43217438,3
3.172347753,12.5738659,3
-0.130908044,11.5191029,3
0.11470496,11.96465958,3
1.58999327,10.88829235,3
-1.382292114,10.75537983,3
-0.428366332,10.43284088,3
0.528024349,11.02749154,3
1.225767493,13.02197976,3
2.114231679,12.24925166,3
-3.540493752,10.58090358,3
1.586062965,11.40439627,3
-3.475732444,12.425926,3
-1.880075303,12.42910443,3
0.300991548,13.78323949,3
2.076172634,11.9424979,3
-1.55746018,11.31623231,3
0.378708625,13.27960377,3
-1.484060782,12.64150389,3
-1.357311416,12.64170863,3
2.487767968,13.58116117,3
0.283902529,11.08830584,3
-1.772876856,11.15208531,3
-1.570931264,13.50241986,3
2.665542509,11.0987454,3
-1.003797243,11.45119236,3
-2.842331737,13.20924518,3
-3.028478691,12.93854801,3
1.904950715,12.7957672,3
2.018023551,12.62994226,3
3.996997517,12.4696626,3
1.06824425,10.8881005,3
1.3699313,12.37414026,3
0.430688737,11.26396633,3
1.7917824,11.76073807,3
1.25029658,10.39143653,3
1.410489176,13.6689306,3
0.283268407,12.47669059,3
1.412511964,10.25163828,3
1.762222176,10.78074872,3
1.794667536,12.5671088,3
3.183664697,10.915442,3
-1.01893438,12.43943085,3
-2.597298433,13.17492852,3
2.237314188,13.9798875,3
0.604091868,11.92122409,3
-2.113929418,11.5385943,3
2.521983625,12.39305026,3
2.153154639,11.38469064,3
0.575703423,13.31173538,3
-4.522549227,12.69587264,3
-0.389088839,12.05219115,3
0.378889582,12.30626836,3
1.740335766,10.58360235,3
-0.832710684,12.24315206,3
-3.001858418,13.11617282,3
1.209126886,12.33756149,3
-3.652151856,10.43859712,3
1.358580958,11.49163979,3
0.848876326,13.10373257,3
1.185278718,11.08973381,3
1.755195831,11.30225357,3
-3.029160409,11.81710974,3
1.033363663,12.16351946,3
2.181366526,11.66810728,3
3.446180001,12.20005181,3
-1.534478066,10.72353794,3
-3.157278413,12.2693786,3
-4.058968495,12.45482559,3
1.676146721,10.88571558,3
-3.284721215,12.00110397,3
-0.617444454,13.33088333,3
-1.058795125,13.16784076,3
-1.023000348,12.39178689,3
3.854192203,12.38789345,3
-0.05012688,11.1757208,3
-0.814838107,10.58294236,3
-1.367995711,11.34951435,3
-0.256298169,11.54797402,3
1.215328536,11.25728722,3
2.603318291,11.53561049,3
-0.311503591,12.16621791,3
0.281137689,12.21957719,3
0.492881607,14.29284783,3
1.902431905,10.52838112,3
0.360405202,11.16633504,3
-1.494665254,11.16556969,3
1.587593204,12.69086282,3
1.880672847,10.46122227,3
-0.887638361,13.0121829,3
-3.21606056,10.3918343,3
-3.649289489,13.02329488,3
3.633925968,13.07006272,3
0.187787248,12.79631738,3
-0.07886497,11.85524161,3
-4.469752698,12.34863649,3
0.998973712,12.56697203,3
1.077163179,12.31361334,3
5.234903383,11.14133828,3
1.409255199,12.85905895,3
3.46613237,11.22141583,3
0.249774782,14.28482756,3
-0.443951815,11.84555414,3
-1.89669237,10.05276646,3
0.84544166,12.00030013,3
-2.565113445,13.56464195,3
0.070901694,11.44594552,3
2.327146494,12.01871132,3
2.14588608,10.25858752,3
-1.092525128,11.63919635,3
1.675846109,11.76391035,3
-0.921238557,12.3677763,3
0.396535551,12.42097962,3
-2.176263025,10.14488152,3
-1.090441801,12.41650218,3
0.691698137,13.18427472,3
0.239901438,12.96804307,3
-1.234143941,12.75581233,3
-0.026198726,12.2197645,3
0.06728502,11.84255129,3
0.055163563,14.31057034,3
1.9884852,10.83298952,3
3.661794284,11.61648886,3
-1.266824881,12.06254786,3
3.041369138,11.47610199,3
2.812349482,11.02396669,3
-5.241337174,11.6089197,3
-0.819071767,10.98230931,3
-4.254815464,12.97991055,3
1.556677102,11.35926529,3
0.593703787,12.55691473,3
-0.000715129,12.93683972,3
-1.268444114,9.533601106,3
-0.25364932,11.82445049,3
0.24624233,12.94153882,3
1.492023782,11.26227775,3
0.756094536,11.45593592,3
-1.513653115,13.0044972,3
0.677916374,12.16237669,3
-0.345877371,12.78865543,3
-1.54630091,10.77856927,3
-1.153162826,11.94441528,3
-0.359316694,12.58691647,3
1.529574403,11.6151813,3
2.712139926,12.21715458,3
-1.224568637,11.98220602,3
0.567364093,9.480991259,3
2.935009324,12.1061814,3
-3.652693352,12.03602502,3
1.464084296,13.01524449,3
-2.354611734,12.46780512,3
-0.724783916,12.94042387,3
-0.331286821,12.73931669,3
5.029557785,12.37737103,3
-0.944173121,10.35257399,3
-0.522431225,10.59464508,3
-4.516156829,13.26052248,3
-1.236552602,11.94464642,3
1.185188954,10.77566422,3
-3.476479516,12.63223047,3
-0.098283389,11.81809574,3
0.637910512,11.18250259,3
-0.576061762,11.88237452,3
-0.057601849,12.35519083,3
-2.083533019,11.0074625,3
-0.823275891,11.01365176,3
1.361378715,11.7994181,3
0.701499474,11.27499755,3
-0.242183122,10.91454537,3
2.793328815,11.36157185,3
3.182691708,12.09085042,3
-0.764095565,13.58272933,3
0.938778427,13.07075015,3
-3.789386365,11.18458536,3
-0.719996694,11.13933426,3
-2.107620919,12.68812954,3
-2.768012943,11.49062042,3
-3.095019872,12.62775085,3
2.52322882,11.24918645,3
-4.097164957,12.54031893,3
1.708556499,12.08423592,3
-3.031679692,11.88015655,3
2.405684593,12.3396772,3
2.541413305,12.31292783,3
0.42461143,14.46185587,3
1.068766615,11.15502512,3
0.913738009,12.58639153,3
2.591120947,12.98222887,3
-3.098767918,10.81617009,3
-0.624969645,11.99005749,3
3.935651596,12.22822129,3
-0.789727321,13.10964376,3
0.93989042,11.94528267,3
-0.8541862,11.14531932,3
1.013415749,10.78807687,3
3.193536653,14.81484208,3
1.103224657,13.10646443,3
-0.703770322,13.73869315,3
-0.492987216,11.05582202,3
-1.716835741,10.61547605,3
3.416115747,11.92921273,3
-3.214768426,12.55738835,3
0.521326998,10.82390041,3
0.891886216,10.54083391,3
-0.896196528,12.35400791,3
-1.94214646,12.67189906,3
-0.318338542,11.81603692,3
-2.780469398,10.75715472,3
1.048762037,11.65087431,3
0.775837273,12.0176044,3
-1.92038327,12.08934401,3
-1.338027754,12.14390247,3
-0.573531915,13.55531039,3
1.717219754,11.76091037,3
-1.42758456,11.58259975,3
-2.209037515,12.7766605,3
-2.744548155,12.71556691,3
-1.649575402,10.86320223,3
13.83700041,5.6919459,4
9.473505405,5.155307795,4
13.08742539,5.892936298,4
10.89031558,4.92572622,4
10.86425076,6.691886483,4
11.60354995,5.146529304,4
13.9580682,5.782570128,4
16.18022537,5.40708852,4
12.06321946,6.404119235,4
13.57220987,5.451804291,4
12.21499677,5.386487959,4
9.889307124,7.02870435,4
11.85246613,7.528577115,4
8.903823476,7.266183644,4
13.66736374,5.224505165,4
8.745292658,4.87785294,4
9.043655588,6.372361554,4
10.4749498,7.739476178,4
11.08889039,5.23412131,4
9.406454175,5.683817498,4
13.78894499,7.677428333,4
13.00477451,6.708377046,4
15.11499563,6.674097102,4
8.481217765,5.401893032,4
10.77588556,8.128460207,4
10.99906917,5.245497175,4
11.96238523,6.607573858,4
15.49655608,5.880219548,4
11.17392766,5.548477744,4
12.19030849,5.348703369,4
14.06262333,6.648626514,4
11.2534928,5.824282628,4
12.12925597,5.975436225,4
9.351498262,7.279228806,4
7.207317631,7.36846952,4
9.703431651,7.432694809,4
9.958808263,5.421089095,4
13.28499156,5.504736495,4
12.98083581,5.140630282,4
12.72285441,6.656833371,4
13.71334264,8.40258537,4
14.32501768,5.692724508,4
14.07821383,7.060659177,4
12.00743736,7.956882903,4
11.67282948,6.201533789,4
9.945871086,7.835326781,4
11.96218578,4.332139119,4
11.19839174,6.649644878,4
14.73383333,5.428348073,4
12.02547193,5.15078754,4
16.21147122,5.196225771,4
11.54617775,4.930413219,4
11.46950425,5.315330522,4
13.1664947,5.845688844,4
12.11041747,6.24963824,4
11.29859645,5.344116275,4
16.58352085,5.593385737,4
13.19283154,4.768480508,4
12.22137896,6.513951194,4
12.02964767,5.383484859,4
15.4234786,5.686847579,4
11.87814348,3.786712002,4
9.709099647,7.736960482,4
15.55247952,6.82957019,4
9.338688035,6.003782057,4
12.83533813,5.36858304,4
16.13746937,4.895382877,4
14.49424587,3.682164809,4
11.27230919,6.643594859,4
14.4441912,6.337416101,4
11.90298607,5.78125586,4
9.499509034,5.755509114,4
11.42987746,7.670444696,4
10.28230303,6.862497209,4
9.203563852,6.748927667,4
13.98628801,6.970641451,4
8.694886271,5.147043251,4
14.80260175,6.163912197,4
14.35724959,4.487092332,4
10.83134004,4.848970028,4
8.478057837,5.170071661,4
11.50854536,6.52524413,4
10.80943026,7.013410276,4
9.156937827,6.516173789,4
10.75829226,5.582580688,4
9.649446062,4.898047725,4
10.22042522,5.395720437,4
9.263355068,5.773795981,4
9.084689582,6.135658888,4
10.3430848,4.102976356,4
14.67367436,7.13840354,4
15.25450669,5.916758665,4
9.397770365,6.753163901,4
10.37376518,7.222864461,4
9.602878353,6.087777668,4
13.01090921,4.785575944,4
13.75808627,7.001023288,4
13.33253689,5.922151352,4
12.6684941,7.244475203,4
11.84165189,6.812087257,4
12.01678615,6.120462731,4
12.39639874,3.93323512,4
9.802005257,6.360467648,4
10.93539167,6.212855769,4
13.34837775,4.620471491,4
9.267833456,7.871917097,4
8.929135275,6.309766869,4
12.44580208,6.968624686,4
8.29292804,5.779852912,4
11.0562882,5.753662265,4
11.07869613,6.256525707,4
13.15112172,7.085307461,4
13.72604712,5.122140469,4
9.912805184,6.020363607,4
15.94798396,4.556770608,4
10.54730992,5.645998167,4
8.973013796,6.58978091,4
9.832326663,7.528779886,4
13.26721983,5.790079755,4
14.15897369,7.08631253,4
11.43447234,5.749320316,4
8.949228178,6.323251234,4
14.39284672,5.604140196,4
11.35564494,5.287809888,4
12.07724771,5.54057266,4
11.7384471,6.145762744,4
12.10370743,6.338015401,4
12.20330737,6.305550688,4
10.41182081,4.498408346,4
11.90153987,4.934117655,4
11.39250912,6.676003616,4
14.45225948,6.020734958,4
13.61343287,4.937218911,4
10.85539201,3.741956265,4
9.674657421,5.258420729,4
13.07090207,7.529494366,4
8.597449012,6.008279954,4
8.423177576,6.549182998,4
6.766163617,6.221956336,4
13.44342534,4.940862426,4
9.67979312,7.114637767,4
9.867500408,8.801497116,4
11.89863468,3.514257357,4
12.2434743,5.960085897,4
11.40058387,6.062875918,4
13.30804403,5.970841061,4
15.00380342,5.531572072,4
11.25321518,5.242151232,4
8.745314143,8.374905921,4
15.63815812,7.009116159,4
10.41275892,6.785428579,4
12.79360717,5.592861224,4
9.351034739,5.162454383,4
11.30773494,6.399224524,4
11.55244746,6.326321562,4
11.64892723,5.433371672,4
12.28366439,5.961584895,4
15.35580195,6.161941699,4
12.0761727,6.223465566,4
10.09390584,6.557556028,4
10.6371832,5.826258301,4
12.47590534,6.095304773,4
12.16885936,3.494002346,4
9.0291079,4.732286683,4
12.54971598,6.688800562,4
10.2250882,6.51051839,4
11.25199634,5.197270478,4
11.22472309,4.223891721,4
11.46871185,4.493778166,4
12.88310565,5.696160393,4
10.15512232,6.348359608,4
10.12479318,6.20197418,4
11.72186787,5.556100498,4
10.41650502,7.727281953,4
9.101188897,5.743546969,4
9.109994663,6.436450008,4
11.3008779,4.736470076,4
12.27043155,6.05820901,4
13.26709354,6.363932534,4
12.95554905,4.190819336,4
9.428808181,5.961977903,4
11.77133225,6.030419274,4
6.815545872,6.698551272,4
7.843976126,6.299384052,4
11.67212621,5.203211255,4
14.91973602,6.907931434,4
8.679250063,6.44812305,4
12.85026906,6.463669035,4
10.77483084,7.002359057,4
7.97557235,6.089661946,4
10.64597598,6.508322025,4
11.32656531,6.925545833,4
14.62134924,8.628058494,4
13.07569017,5.106047926,4
14.51465808,5.992407261,4
12.26836216,5.978079812,4
9.718778366,8.096593703,4
15.0968946,7.152597472,4
14.62633263,7.668712799,4
12.00140808,6.160182419,4
10.41685997,7.837377249,4
13.25797241,5.637993053,4
11.6417206,5.337816273,4
8.654883918,5.387028854,4
14.15651178,6.82574305,4
14.37307853,6.405097888,4
12.48607359,5.801645798,4
12.20052112,4.868745346,4
11.30211204,4.154591796,4
9.003233826,5.908660645,4
15.01162451,5.530191821,4
11.06120807,6.986624296,4
12.9798346,5.096633446,4
12.06571266,5.971922458,4
11.49636122,6.151416391,4
12.17694967,6.169657158,4
13.17891168,6.070376414,4
13.16712556,5.853190572,4
9.28445547,6.071126851,4
11.21927535,6.701409749,4
12.65776217,5.702154417,4
9.987200023,3.874933762,4
11.1312251,5.736090261,4
11.62536174,5.899549374,4
14.3763253,6.149906084,4
8.92243483,4.099734551,4
13.80075844,5.994914297,4
14.46558283,5.3864527,4
13.5113964,5.178903305,4
12.79326501,6.800937813,4
14.08415749,5.575022222,4
12.6987884,7.364642146,4
10.72870259,4.81616833,4
7.1360507,6.91652257,4
11.87155183,6.474284174,4
17.07381365,6.14883288,4
12.75326353,7.778873033,4
11.41470004,3.670434775,4
11.37020947,6.890872871,4
11.71032935,7.42553969,4
11.78732863,6.206675494,4
11.73490832,6.986201669,4
10.55486531,5.872362365,4
9.39341668,5.852392457,4
10.64238294,6.06961735,4
12.3869184,5.661409755,4
11.70763912,5.767275434,4
12.62611602,5.55958692,4
12.1812967,6.187496781,4
9.748290802,5.296926615,4
10.89482056,7.615749536,4
9.754439669,4.742559192,4
13.39972751,5.689140425,4
8.492971822,4.38495693,4
11.27638011,6.538525675,4
12.54172622,7.091245505,4
10.38812203,5.385889878,4
13.09695675,4.265449797,4
11.50614487,6.822614276,4
10.46575362,6.029494935,4
9.884387502,8.001003352,4
11.56859851,4.366475109,4
13.06280744,4.597906105,4
10.58372066,4.54951716,4
8.275933881,7.002678135,4
14.9682891,5.02474724,4
9.49167017,6.817243304,4
11.58389911,6.533341326,4
14.38786146,5.421628596,4
11.73373746,5.173731214,4
11.41519863,4.90996399,4
10.92671938,5.67416825,4
15.25167252,5.210902311,4
13.16953726,7.479809097,4
9.680542227,6.747755497,4
13.65486952,4.407213013,4
13.94259974,5.047361466,4
11.34410799,6.34571913,4
10.74546484,6.18081028,4
9.284107008,6.973244252,4
12.71716602,5.205846541,4
10.75496468,5.941691398,4
14.7878374,4.942971684,4
11.95319615,4.942295636,4
15.13714034,6.366048573,4
17.50093752,7.013009916,4
11.36273558,5.110796099,4
7.90292771,5.899350409,4
13.76791846,6.097683517,4
12.41999597,6.582798739,4
11.33563996,7.017453233,4
10.89386775,6.714965249,4
9.920917446,7.192138127,4
15.7272866,4.302793647,4
12.69975919,5.206588857,4
10.91968833,4.22791121,4
13.32685764,6.343411075,4
15.07394527,5.691271889,4
15.10009255,5.926053881,4
6.8796411,6.454431162,4
1.910600299,0.467099292,5
3.14074295,-0.067521995,5
4.589468748,0.265154853,5
8.467160638,1.350860276,5
7.22404789,-0.421305958,5
6.082070643,-0.894047963,5
5.369373069,0.696578377,5
9.505051836,-0.061921524,5
4.442236101,0.091273446,5
3.634439411,1.640655217,5
7.303238041,-0.263047709,5
7.81754584,1.510755158,5
5.910612173,0.278498722,5
4.113748135,0.224398726,5
4.803431186,2.24414347,5
7.410975188,1.634127172,5
4.428317945,-0.663308087,5
8.867736643,0.223046935,5
9.269616245,0.458844943,5
5.217165054,1.877019276,5
5.338060851,1.022425239,5
4.677333695,0.339461123,5
7.799848198,-0.519746112,5
5.005694196,-0.626990909,5
4.087943324,-0.72530583,5
6.754878519,-1.052791513,5
1.284980045,0.166866013,5
-0.431590665,-1.057192522,5
2.841996868,0.824716724,5
2.967073202,-0.214700614,5
6.029625393,-0.197588165,5
6.075144025,-0.111568354,5
5.696249789,0.373200394,5
5.016844024,0.952638838,5
7.403975752,-0.49738574,5
2.337022717,0.107599168,5
1.490375725,-0.736502988,5
5.128842303,-0.363458985,5
5.696679677,-0.022558688,5
0.907670177,0.82402401,5
8.293378471,0.686873619,5
7.098767085,-0.216592528,5
6.455164915,1.148978639,5
12.6666441,-1.05448853,5
8.885343595,-0.396489772,5
9.959685431,1.055864966,5
4.35769002,0.768738823,5
4.538248431,-0.754692911,5
8.40332115,0.723853748,5
2.613352684,0.449755875,5
8.97198018,0.241218254,5
5.870011665,-0.415372865,5
7.72507181,0.501943784,5
9.04317281,-0.489091879,5
6.659603541,0.663790961,5
8.43667977,-0.629492727,5
6.190657308,1.063822865,5
6.845629102,-0.658838054,5
7.885189853,-1.156893931,5
7.372223071,-0.208338019,5
5.301495869,-0.664913733,5
6.572924212,-0.695762758,5
2.594763541,0.712475167,5
5.83161982,1.137769565,5
6.574728255,-1.331258765,5
3.153961727,-0.865654839,5
8.921617652,-0.773826509,5
6.537896838,-2.754085323,5
4.306627173,-0.149729285,5
5.626633389,0.56203035,5
4.559689714,1.261473166,5
3.817559477,-1.855995599,5
8.42235903,-1.135225422,5
2.725307401,-0.094148909,5
3.782067282,1.138658378,5
6.697912122,0.185611715,5
1.670232063,-1.679045402,5
4.822524068,-1.504043167,5
7.625951608,-2.020741798,5
8.298018775,-1.4195113,5
16.2735511,-1.156190951,5
10.45358857,0.524735228,5
7.505313178,0.063696603,5
8.788294961,1.641523749,5
8.350697466,0.956819762,5
8.293944809,-0.115093244,5
6.664725365,-0.577196941,5
2.441522441,-0.494324409,5
8.648136462,0.656491284,5
7.255330859,0.003598056,5
8.294579952,2.425728562,5
5.131562063,0.663769921,5
9.239792041,0.297163093,5
6.982532054,-2.398827576,5
10.80532903,0.844338896,5
7.36624145,0.845328876,5
4.544022179,-1.397031584,5
1.309243182,-0.682440273,5
10.30159431,0.888791033,5
5.506179358,-0.448481229,5
11.30298584,1.844326863,5
3.830053756,-0.585024514,5
8.744586847,-0.366842254,5
5.081829608,0.44347175,5
10.62367444,-0.187248976,5
3.183830761,-2.052114022,5
0.675730402,2.049418882,5
3.821172563,0.133244286,5
11.27423205,0.91233598,5
3.222175859,1.138164158,5
1.571256948,-0.475305452,5
8.657546669,-0.339709716,5
5.830694507,1.940811843,5
9.599969374,0.003838181,5
4.042766098,1.461203062,5
5.468339387,-0.267699885,5
6.554566101,-0.713036209,5
-1.796766846,1.303368832,5
6.334126101,-0.582822538,5
1.957860904,-0.374798415,5
8.244869968,-1.735314284,5
9.114696039,2.080105336,5
2.577849315,-0.925081179,5
8.309773289,0.467920224,5
2.634917278,0.130122417,5
2.748526066,-1.765152191,5
13.27754836,-0.947536402,5
4.004466709,0.293787101,5
5.400676487,0.817292641,5
7.275454394,0.691198551,5
10.07244724,0.677378204,5
6.959518327,1.50235555,5
3.413863848,0.272533057,5
4.697403567,-0.653483475,5
1.854757116,0.437219039,5
11.45722341,-1.411483728,5
4.994001104,0.522543602,5
4.872170894,1.578406172,5
4.360116396,-0.252983909,5
6.544145674,0.562309641,5
3.224220677,1.118874847,5
4.754006343,-0.833441297,5
6.875165053,-0.079574389,5
3.621260448,0.27834145,5
3.199920484,-0.630964196,5
5.912393201,-1.259636077,5
6.351922299,-0.785685359,5
9.755375221,0.419289702,5
11.44435933,-1.072052636,5
3.226984257,0.423668161,5
1.303427544,-0.493451476,5
3.107194722,1.762981328,5
6.867064654,0.149139302,5
7.607988382,-0.737184796,5
1.673650669,-0.480869438,5
-1.20779835,-0.083182642,5
7.794841641,-0.537669892,5
8.41487626,-0.785584742,5
3.647158906,-0.385287521,5
5.880351327,-1.504908038,5
8.573366147,1.3430882,5
9.869360727,1.451804533,5
5.605975392,0.359447346,5
7.247645717,-1.255049889,5
5.830583622,0.106070173,5
5.440780839,0.563434023,5
12.19049381,1.162354655,5
9.335620429,0.449611505,5
6.184031939,-0.94228402,5
3.029448444,0.717973413,5
7.930759555,-1.640741702,5
3.762565856,-1.279473582,5
7.284325745,0.172982249,5
-0.670040033,-0.775494441,5
13.10295604,1.427211063,5
2.811857135,0.553316616,5
10.04103959,-1.074178351,5
5.056943843,-0.152373926,5
4.856028229,0.050509824,5
0.885003027,0.34679095,5
6.838757956,-0.627493361,5
-0.811839521,-2.064293195,5
9.838346712,0.725943606,5
0.991385339,1.460424856,5
7.886855067,0.375171389,5
6.376507581,2.877680605,5
4.583402225,0.300437108,5
0.117028883,-1.18967899,5
13.83180127,-0.286819815,5
9.59983917,0.23008057,5
11.71097367,1.567627709,5
3.682438151,-0.313799716,5
8.946747352,0.120662733,5
7.947330638,1.221570207,5
5.428038656,-0.354505615,5
6.027411464,-0.202884193,5
5.948275194,1.386482463,5
7.934858923,-0.466730599,5
7.292347182,0.666151094,5
6.272485573,-1.304779468,5
6.894918525,1.735431629,5
4.656285278,1.114405192,5
4.961777053,1.586317222,5
5.595064564,-0.403160644,5
7.873303972,-0.513215569,5
8.341974574,-1.009584552,5
0.516058556,-1.539750686,5
3.818198967,0.603158406,5
7.227209278,0.435638656,5
5.896546656,-1.096426543,5
5.038362146,0.923882802,5
3.16969027,-0.894599165,5
6.710110684,-0.717770005,5
8.878997026,0.926825419,5
11.85921423,-1.274033923,5
8.589529594,0.082265788,5
2.718542954,-0.170635138,5
3.08316199,-1.809436992,5
7.921263537,-0.656553757,5
6.130829173,0.467389929,5
9.228653601,-1.382675157,5
5.374885482,0.814659599,5
5.771543864,-1.403265952,5
8.988924245,-0.175863737,5
6.683591677,-0.829575287,5
3.888004146,0.638592918,5
-2.47918549,0.844740829,5
3.828494949,1.107684727,5
3.798723779,-1.093544918,5
5.627432342,-1.403278574,5
5.218669774,-0.994802554,5
5.402319935,-0.114429483,5
3.473485639,0.015706077,5
8.681046925,0.416741383,5
4.805190637,-1.418603218,5
3.002739012,-1.574930045,5
5.225300465,0.387568607,5
6.618570457,0.922524838,5
10.82579419,-1.119401376,5
9.65699153,-2.132576667,5
9.405395257,-0.005446899,5
8.636136856,0.180511094,5
11.35465987,0.45457841,5
7.81508695,0.684267706,5
6.2030352,0.251903409,5
3.561912155,0.63049134,5
2.713582308,-1.270258883,5
3.409965004,0.85319521,5
7.322877948,1.25375282,5
9.985582533,-1.323937711,5
6.623502475,-0.598515878,5
7.394077465,2.089170431,5
6.519123959,-0.878527564,5
7.606999149,-1.366680633,5
8.544863302,1.362766075,5
6.798549491,0.874029822,5
7.877514469,2.013227357,5
4.660486752,0.59329201,5
2.598497146,1.644065232,5
6.373228351,-0.85160669,5
2.320421516,0.063941792,5
8.488612765,0.834843108,5
7.80107959,-0.68491107,5
5.364004637,1.202464671,5
4.59580463,-0.574765778,5
1.217478565,1.215623741,5
4.14661898,1.038564008,5
0.625953391,1.619403046,5
3.708398071,-0.367855926,5
11.55811445,0.472596489,5
4.100798233,0.856149651,5
1.807362992,0.018070565,5
8.585375185,-1.096241535,5
0.289040006,-0.552619217,5
12.60210055,2.280063363,5
5.308095242,0.19641756,5
4.954836664,1.49401616,5
4.850159629,-0.02320261,5
8.038451566,-1.29787324,5
3.208214831,1.527223919,5
4.066880929,0.98425047,5
4.740429032,-0.775566473,5
2.65865821,0.067049843,5
7.18055251,-1.566008206,5
5.255851712,1.008334492,5
3.345703759,0.980721171,5
5.591165399,0.716697126,5
4.010868664,0.215382332,5
8.109538909,0.85760973,5
3.495810394,0.652260386,5
2.922181346,-0.598184554,5
9.994829717,-1.062046474,5
5.181737189,-0.55874368,5
5.060580656,-0.43125649,5
4.79519016,0.313315746,5
4.921835706,0.841595999,5
1.375415313,-0.436606998,5
2.162504287,-0.962888431,5
4.681668939,0.395458531,5
6.78268367,-0.256003422,5
